本週想吃,Dish Name,Category,Ingredients
O,鮭魚（加洋蔥、黑胡椒、鹽）,Protein,鮭魚
O,荷包蛋,Egg,雞蛋
O,炒牛肉（加洋蔥、醬油膏）,Protein,牛小排
O,滷豆腐,Other,豆腐
,鴻禧菇,Other,鴻禧菇
,咖哩飯,Combo (Rice),"馬鈴薯, 蘋果, 洋蔥, 咖哩塊, 紅蘿蔔, 雞肉或牛小排"
O,雞湯麵,Combo (Noodle),"雞肉, 香菇, 蒜頭, 麵"
,大比目魚（加薑、蔥、鹽）,Protein,大比目魚
O,炒腐竹,Other,腐竹
,紅蘿蔔炒蛋,Egg,"雞蛋, 紅蘿蔔"
O,虱目魚（加鹽、薑）,Protein,虱目魚
O,炒干貝,Other,干貝
O,蝦子炒蛋,Protein,"蝦子, 雞蛋"
,蒜末炒吻仔魚,Other,吻仔魚
O,薑絲蛤蜊湯,Soup,蛤蜊
,絲瓜蛤蜊,Vegetable,"絲瓜, 蛤蜊"
,青花菜,Vegetable,青花菜
,白花椰菜,Vegetable,白花椰菜
O,地瓜葉,Vegetable,地瓜葉
O,高麗菜,Vegetable,高麗菜
O,四季豆,Vegetable,四季豆或長豆
,櫛瓜,Vegetable,櫛瓜
,蒸玉米,Vegetable,玉米
,蒸皎白筍4支,Vegetable,皎白筍
O,娃娃菜,Vegetable,娃娃菜
,菠菜,Vegetable,菠菜
O,燙茄子（不要太軟、燙完冰進去），另外調一碗醬（蜂蜜、香油、醬油）,Other,茄子
O,金針菇（加醬油）,Other,金針菇
,番茄牛肉飯,Combo (Rice),"番茄, 牛小排, 洋蔥, 馬鈴薯"
O,飯,Rice,
,鴻禧菇炒娃娃菜,Other,"鴻禧菇, 娃娃菜"
,烤豬肉（氣炸鍋180度20分鐘）,Protein,豬頸肉
,義大利麵（加一點點香油、醬油膏、熱水、海苔酥後扮一扮）,Rice,義大利麵
,氣炸牛肉丸（牛絞肉、紅蘿蔔籤、洋蔥、雞蛋一顆、地瓜粉少許、醬油、香油）,Protein,牛絞肉
,茼蒿,Vegetable,茼蒿
O,荷蘭豆,,